{"Hufflepuff": [0.7540094264641038, 1.9569931980386195, -1.9193135022374939], "Slytherin": [-2.3361495305933695, -0.152585177861546, -1.3053245484449325], "Ravenclaw": [-2.394356696812478, 2.0031543160516385, 1.0186136949882278], "Gryffindor": [0.0, 0.0, 0.0]}