{"Slytherin": [0.2765512174918312, -1.2003289911152064, -2.058631393431804], "Hufflepuff": [2.9754396899561275, 2.3108479339496237, -2.562221824001288], "Gryffindor": [3.7910255828577326, -0.5512647977972092, 1.1457842580181083], "Ravenclaw": [0.0, 0.0, 0.0]}