{"Slytherin": [0.2756780003758229, -1.237222206482166, -2.1164578995465146], "Hufflepuff": [3.0515622100080573, 2.374546262848132, -2.6240015967578723], "Gryffindor": [3.925570967861457, -0.5340424024921354, 1.1957674642153002], "Ravenclaw": [0.0, 0.0, 0.0]}