{"Hufflepuff": [0.8310693663087811, 2.363801492755948, -3.033664902720373], "Slytherin": [-2.413638995723832, -0.08878232396608464, -2.7620984350293853], "Ravenclaw": [-2.491048481778497, 1.9646669717690983, 0.11099550499833168], "Gryffindor": [0.0, 0.0, 0.0]}