{"mean": {"0": 40.86531827177353, "1": 1.1661913794316212, "2": 508.0029190043687}, "std": {"0": 527.9656267754001, "1": 5.294375391986054, "2": 108.02500729434935}}